,accuracy,precision,recall,f1score,auc,mcc
anthem,0.8811044153436087,0.9786196932327316,0.7787248867727325,0.8673034514424663,0.9768046173456035,0.7784646560319661
netmhcpan,0.8312492756982269,0.9844103296441747,0.6724422250609685,0.7990561025591488,0.9557360050724075,0.6981548169142866
tape,0.9406188434349287,0.9329429758480573,0.9492161189176634,0.9410091986046673,0.9829322428514891,0.881375004790924
esm2t33_distil,0.9407115540618843,0.9370147672034465,0.9446754151666473,0.9408294973514376,0.9836111697076138,0.8814539454294517
acme,0.845200850085357,0.9716975727135573,0.7104796481184109,0.8208069173563053,0.9475667844894227,0.7165341364068877
mixmhcpred,0.8856588248928033,0.9154534643550103,0.8492741841830217,0.881122925389319,0.93864945497687,0.7732977014250201
mhcflurry,0.9093116235948545,0.9211485816069145,0.8948438044361863,0.9078056797497659,0.9641677985039805,0.8189443074733473
