,accuracy,precision,recall,f1score,auc,mcc
anthem,0.8811044153436087,0.9786196932327316,0.7787248867727325,0.8673034514424663,0.9768046173456035,0.7784646560319661
netmhcpan,0.8312492756982269,0.9844103296441747,0.6724422250609685,0.7990561025591488,0.9557360050724075,0.6981548169142866
tape,0.9414822111484529,0.9352389459580169,0.9483915921495761,0.9417693491936274,0.9841243089833875,0.8830543001632413
esm2t6,0.9401089349866728,0.9398305084745763,0.9401579375217745,0.9399941944847605,0.9830449283465761,0.8802174888234441
acme,0.845200850085357,0.9716975727135573,0.7104796481184109,0.8208069173563053,0.9475667844894227,0.7165341364068877
mixmhcpred,0.8856588248928033,0.9154534643550103,0.8492741841830217,0.881122925389319,0.93864945497687,0.7732977014250201
mhcflurry,0.9093116235948545,0.9211485816069145,0.8948438044361863,0.9078056797497659,0.9641677985039805,0.8189443074733473
