models,test_loss,test_auc,test_precision,test_recall,test_f1,test_sn,test_sp,test_accuracy,test_mcc,test_runtime,test_samples_per_second,test_steps_per_second
tape,0.693148673,0.5,0.498957005,1,0.665738915,0.498957005,0,0.498957005,0,739.9707,233.225,29.154
tape_freeze,0.182806507,0.934549339,0.92826067,0.941563117,0.9348-645750458334,0.92826067,0.927535561,0.934534709,0.869161628,738.5142,233.685,29.211
esm2_t30,0.69315362,0.5,0.498957005,1,0.665738915,0.498957005,0,0.498957005,0,1023.1607,168.673,21.085
esm2_t30_freeze,0.193505883,0.930287088,0.918468804,0.944025084,0.931071609,0.918468804,0.916549092,0.930258431,0.860856221,1040.576,165.85,20.732
esm2_t33_freeze,0.590189874,0.681609741,0.713917314,0.60441296,0.654617262,0.713917314,0.758806522,0.681770773,0.367670919,2423.9286,71.198,8.9
protbert_bfd,0.693149388,0.5,0.498957005,1,0.665738915,0.498957005,0,0.498957005,0,1797.8486,95.993,11.999
protbert_bfd_freeze,0.232805029,0.908279463,0.917552844,0.89680641,0.907061014,0.917552844,0.919752515,0.908303396,0.81680533,1767.8983,97.619,12.203
tape_rnn_freeze_9_epochs,0.216912627,0.939302036,0.944656735,0.933039136,0.938811996,0.944656735,0.945564936,0.9393151,0.878692744,581.2714,296.901,37.113
