models,test_loss,test_auc,test_precision,test_recall,test_f1,test_sn,test_sp,test_accuracy,test_mcc,test_runtime,test_samples_per_second,test_steps_per_second
tape,0.693148673,0.5,0.498957005,1,0.665738915,0.498957005,0,0.498957005,0,739.9707,233.225,29.154
tape_freeze, 0.18280650675296783,0.9345493392049244,0.9282606704524639,0.9415631169434444,0.9348-645750458334,0.9282606704524639,0.9275355614664045,0.9345347085409665,0.8691616281324402,738.5142,233.685,29.211
esm2_t30, 0.6931536197662354,0.5,0.4989570054467493,1,0.6657389153040318,0.4989570054467493,0,0.4989570054467493,0,1023.1607,168.673,21.085
esm2_t30_freeze,0.1935058832168579,0.9302870881826648,0.9184688043748447,0.9440250841946348,0.9310716085582078,0.9184688043748447,0.916549092170695,0.9302584308726388,0.8608562206579472,1040.576,165.85,20.732
esm2_t33_freeze, 0.5901898741722107,0.6816097413302891,0.7139173136539464,0.604412960167228,0.6546172615903203,0.7139173136539464,0.7588065224933503,0.6817707729748522,0.36767091882002206,2423.9286,71.198,8.9
protbert_bfd, 0.6931493878364563,0.5,0.4989570054467493,1,0.6657389153040318,0.4989570054467493,0,0.4989570054467493,0,1797.8486,95.993,11.999
protbert_bfd_freeze, 0.2328050285577774,0.9082794628642646,0.9175528438862683,0.8968064104052955,0.9070610137837474,0.9175528438862683,0.9197525153232335,0.9083033955267122,0.8168053301955162,1767.8983,97.619,12.203